Live URLs,Staging URLs,Status,Issues,1920,1280,1024,900,768,480
https://jafarilawgroup.com/,https://dev.pointclick.io/jafari/demo/,Done,,,,,,,
https://jafarilawgroup.com/about-us/,https://dev.pointclick.io/jafari/demo/about-us/,Inprogress,all reviews are same,,,,,,
https://jafarilawgroup.com/client-portal/,https://dev.pointclick.io/jafari/demo/client-portal/,Inprogress,all reviews are same,,,,,,
https://jafarilawgroup.com/services/,https://dev.pointclick.io/jafari/demo/services/,Done,,,,,,,
https://jafarilawgroup.com/privacy-policy-disclaimer/,https://dev.pointclick.io/jafari/demo/privacy-policy-disclaimer/,Done,,,,,,,
https://jafarilawgroup.com/patent-litigation/,https://dev.pointclick.io/jafari/demo/patent-litigation/,Inprogress,,,,,,issues in images ratio,
https://jafarilawgroup.com/trade-secrets/,https://dev.pointclick.io/jafari/demo/trade-secrets/,Inprogress,,,,,issues in images ratio,issues in images ratio,
https://jafarilawgroup.com/reviews/,https://dev.pointclick.io/jafari/demo/reviews/,Inprogress,,improper review box ratios,improper review box ratios,improper review box ratios,,,
Trademarks - Jafari Law Group | California Employment Litigation & Patent Lawyers,https://dev.pointclick.io/jafari/demo/trademarks/,Inprogress,,,,,,,improper webpage ratio
https://jafarilawgroup.com/patents/,https://dev.pointclick.io/jafari/demo/patents/,Inprogress,all reviews are the same,,,,,,improper webpage ratio
https://jafarilawgroup.com/employment-law/,https://dev.pointclick.io/jafari/demo/employment-law/,Inprogress,,,,,,,employees matter must align to center to the box
https://jafarilawgroup.com/court-cases/,https://dev.pointclick.io/jafari/demo/court-cases/,Inprogress,,,,,,,menu button not working
https://jafarilawgroup.com/contact-us/,https://dev.pointclick.io/jafari/demo/contact-us/,Done,,,,,,,
https://jafarilawgroup.com/infringement-opinions/,https://dev.pointclick.io/jafari/demo/infringement-opinions/,Inprogress,,,,,,,menu button not working
https://jafarilawgroup.com/licensing/,https://dev.pointclick.io/jafari/demo/licensing/,Inprogress,,,,,,,menu button not working
https://jafarilawgroup.com/copyrights/,https://dev.pointclick.io/jafari/demo/copyrights/,Inprogress, all reviews are the same and issues in images ratio,,,,,,
https://jafarilawgroup.com/patent-prosecution/,https://dev.pointclick.io/jafari/demo/patent-prosecution/,Inprogress,issues in images ratio,,,,,,menu button not working
https://jafarilawgroup.com/intellectual-property/,https://dev.pointclick.io/jafari/demo/intellectual-property/,Inprogress,issues in images ratio,,,,,,
https://jafarilawgroup.com/people/,https://dev.pointclick.io/jafari/demo/people/,Done,,,,,,,
https://jafarilawgroup.com/people/setareh-cici-karim/,https://dev.pointclick.io/jafari/demo/people/setareh-cici-karim/,Done,,,,,,,
https://jafarilawgroup.com/people/zaher-fallahi/,https://dev.pointclick.io/jafari/demo/people/zaher-fallahi/,Done,,,,,,,
https://jafarilawgroup.com/people/gene-rodriguez/,https://dev.pointclick.io/jafari/demo/people/gene-rodriguez/,Done,,,,,,,
https://jafarilawgroup.com/people/saul-acherman/,https://dev.pointclick.io/jafari/demo/people/saul-acherman/,Done,,,,,,,
https://jafarilawgroup.com/people/david-vedad-jafari/,https://dev.pointclick.io/jafari/demo/people/david-vedad-jafari/,Done,,,,,,,
https://jafarilawgroup.com/business-law/,https://dev.pointclick.io/jafari/demo/business-law/,Inprogress,issue with text space alignment with different screen ratios,,,,,,
https://jafarilawgroup.com/business-transactions/,https://dev.pointclick.io/jafari/demo/business-transactions/,Inprogress,issue at paragraph spacing,,,,,,
https://jafarilawgroup.com/business-formation/,https://dev.pointclick.io/jafari/demo/business-formation/,Done,,,,,,,
https://jafarilawgroup.com/business-litigation/,https://dev.pointclick.io/jafari/demo/business-litigation/,Done,,,,,,,
https://jafarilawgroup.com/contracts/,https://dev.pointclick.io/jafari/demo/contracts/,Inprogress,"image is too big in 900,768,480",,,,,,
https://jafarilawgroup.com/free-consultation/,https://dev.pointclick.io/jafari/demo/free-consultation/,Done,,,,,,,
https://jafarilawgroup.com/thankyou/,https://dev.pointclick.io/jafari/demo/thankyou/,Done,,,,,,,
https://jafarilawgroup.com/intellectual-property-litigation/,https://dev.pointclick.io/jafari/demo/intellectual-property-litigation/,Inprogress,dummy content and review box are the same,,,,,,
https://jafarilawgroup.com/employment-law-archive/,https://dev.pointclick.io/jafari/demo/employment-law-archive/,Inprogress,"images being cropped and images are too big in 900, 768, and 480 , space needed btw below “employers” heading and paragraph",,,,,,
https://jafarilawgroup.com/employment-law-consultation/,https://dev.pointclick.io/jafari/demo/employment-law-consultation/,Done,,,,,,,
https://jafarilawgroup.com/works/,https://dev.pointclick.io/jafari/demo/works/,Inprogress,"dummy content, images ratio issues",,,,,,
https://jafarilawgroup.com/privacy-policy/,https://dev.pointclick.io/jafari/demo/privacy-policy/,Done,,,,,,,
https://jafarilawgroup.com/licensing-agreements/,https://dev.pointclick.io/jafari/demo/licensing-agreements/,Inprogress,dummy content and page,,,,,,
https://jafarilawgroup.com/ip-audit-and-due-dilligence/,https://dev.pointclick.io/jafari/demo/ip-audit-and-due-dilligence/,Inprogress,"images are too big in 900, 768, 480",,,,,,
https://jafarilawgroup.com/trademark-application/,https://dev.pointclick.io/jafari/demo/trademark-application/,Done,,,,,,,
https://jafarilawgroup.com/e-commerce/,https://dev.pointclick.io/jafari/demo/e-commerce/,Inprogress,"images are too big in 900, 768, 480",,,,,,
https://jafarilawgroup.com/free-consultation-thank-you/,https://dev.pointclick.io/jafari/demo/free-consultation-thank-you/,Done,,,,,,,
https://jafarilawgroup.com/frequently-asked-questions/,https://dev.pointclick.io/jafari/demo/frequently-asked-questions/,Done,,,,,,,
https://jafarilawgroup.com/sales-acquisitions-mergers/,https://dev.pointclick.io/jafari/demo/sales-acquisitions-mergers/,Inprogress,"extra line space issue at bullet points and images are too big in 900, 768, 480",,,,,,
https://jafarilawgroup.com/news-articles/,https://dev.pointclick.io/jafari/demo/news-articles/,Inprogress,no background images inside blue boxes,,,,,,
https://jafarilawgroup.com/net/,https://dev.pointclick.io/jafari/demo/net/,Inprogress,"content missing and blue box misplacement in 900, 768, 480",,,,,,
https://jafarilawgroup.com/trademark-clearance-vs-trademark-registration-what-is-the-difference/,https://dev.pointclick.io/jafari/demo/trademark-clearance-vs-trademark-registration-what-is-the-difference/,Done,,,,,,,
https://jafarilawgroup.com/trademark-dilution-explained-blurring-tarnishment-and-what-they-mean-for-your-brand/,https://dev.pointclick.io/jafari/demo/trademark-dilution-explained-blurring-tarnishment-and-what-they-mean-for-your-brand/,Done,,,,,,,
https://jafarilawgroup.com/protecting-your-rights-after-registration-ongoing-responsibilities-for-trademark-owners/,https://dev.pointclick.io/jafari/demo/protecting-your-rights-after-registration-ongoing-responsibilities-for-trademark-owners/,Done,,,,,,,
https://jafarilawgroup.com/protecting-your-brand-starts-with-a-trademark-search/,https://dev.pointclick.io/jafari/demo/protecting-your-brand-starts-with-a-trademark-search/,Done,,,,,,,
https://jafarilawgroup.com/petition-to-cancel-a-trademark-who-can-file-and-when/,https://dev.pointclick.io/jafari/demo/petition-to-cancel-a-trademark-who-can-file-and-when/,Done,,,,,,,
https://jafarilawgroup.com/what-to-know-before-you-file-your-trademark-application/,https://dev.pointclick.io/jafari/demo/what-to-know-before-you-file-your-trademark-application/,Done,,,,,,,
https://jafarilawgroup.com/filing-a-trademark-understand-the-difference-between-use-and-intent/,https://dev.pointclick.io/jafari/demo/filing-a-trademark-understand-the-difference-between-use-and-intent/,Done,,,,,,,
https://jafarilawgroup.com/trade-name-vs-trademark-what-is-the-difference/,https://dev.pointclick.io/jafari/demo/trade-name-vs-trademark-what-is-the-difference/,Done,,,,,,,
https://jafarilawgroup.com/common-reasons-trademark-applications-are-refused/,https://dev.pointclick.io/jafari/demo/common-reasons-trademark-applications-are-refused/,Done,,,,,,,
https://jafarilawgroup.com/what-happens-after-the-trademark-search-understanding-the-next-steps-in-trademark-registration/,https://dev.pointclick.io/jafari/demo/what-happens-after-the-trademark-search-understanding-the-next-steps-in-trademark-registration/,Done,,,,,,,
https://jafarilawgroup.com/office-actions-explained-why-your-trademark-application-was-flagged/,https://dev.pointclick.io/jafari/demo/office-actions-explained-why-your-trademark-application-was-flagged/,Done,,,,,,,
https://jafarilawgroup.com/is-your-trademark-strong-enough-what-business-owners-need-to-know/,https://dev.pointclick.io/jafari/demo/is-your-trademark-strong-enough-what-business-owners-need-to-know/,Done,,,,,,,
https://jafarilawgroup.com/nad-wheels/,https://dev.pointclick.io/jafari/demo/nad-wheels/,Done,,,,,,,
https://jafarilawgroup.com/blockchain-technology-game-changer/,https://dev.pointclick.io/jafari/demo/blockchain-technology-game-changer/,Done,,,,,,,
https://jafarilawgroup.com/effusive-flowers/,https://dev.pointclick.io/jafari/demo/effusive-flowers/,Done,,,,,,,
https://jafarilawgroup.com/why-fanciful-trademarks-offer-the-best-protection-for-your-brand/,https://dev.pointclick.io/jafari/demo/why-fanciful-trademarks-offer-the-best-protection-for-your-brand/,Done,,,,,,,
https://jafarilawgroup.com/descriptive-vs-suggestive-trademarks-which-is-right-for-your-brand/,https://dev.pointclick.io/jafari/demo/descriptive-vs-suggestive-trademarks-which-is-right-for-your-brand/,Done,,,,,,,
https://jafarilawgroup.com/how-do-you-register-a-trademark-a-step-by-step-guide/,https://dev.pointclick.io/jafari/demo/how-do-you-register-a-trademark-a-step-by-step-guide/,Done,,,,,,,
https://jafarilawgroup.com/reliable-rising-sun/,https://dev.pointclick.io/jafari/demo/reliable-rising-sun/,Done,,,,,,,
https://jafarilawgroup.com/what-can-a-trademark-attorney-do-for-me/,https://dev.pointclick.io/jafari/demo/what-can-a-trademark-attorney-do-for-me/,Done,,,,,,,
https://jafarilawgroup.com/6-steps-protecting-trade-secrets/,https://dev.pointclick.io/jafari/demo/6-steps-protecting-trade-secrets/,Done,,,,,,,
https://jafarilawgroup.com/why-generic-terms-cannot-be-trademarked-and-what-to-do-instead/,https://dev.pointclick.io/jafari/demo/why-generic-terms-cannot-be-trademarked-and-what-to-do-instead/,Done,,,,,,,
https://jafarilawgroup.com/building-a-strong-brand-with-a-suggestive-trademark-what-you-need-to-know/,https://dev.pointclick.io/jafari/demo/building-a-strong-brand-with-a-suggestive-trademark-what-you-need-to-know/,Done,,,,,,,
https://jafarilawgroup.com/arbitrary-trademarks-why-common-words-can-create-strong-brand-protection/,https://dev.pointclick.io/jafari/demo/arbitrary-trademarks-why-common-words-can-create-strong-brand-protection/,Done,,,,,,,
https://jafarilawgroup.com/10-common-mistakes-in-trademark-applications-and-how-to-avoid-them/,https://dev.pointclick.io/jafari/demo/10-common-mistakes-in-trademark-applications-and-how-to-avoid-them/,Done,,,,,,,
https://jafarilawgroup.com/descriptive-trademarks-why-they-are-risky-and-how-to-strengthen-them/,https://dev.pointclick.io/jafari/demo/descriptive-trademarks-why-they-are-risky-and-how-to-strengthen-them/,Done,,,,,,,
https://jafarilawgroup.com/orange-county-trademark-lawyer/,https://dev.pointclick.io/jafari/demo/orange-county-trademark-lawyer/,Done,,,,,,,
https://jafarilawgroup.com/mycredentials-standard-character/,https://dev.pointclick.io/jafari/demo/mycredentials-standard-character/,Done,,,,,,,
https://jafarilawgroup.com/adipiscing-fringilla-commodo/,https://dev.pointclick.io/jafari/demo/adipiscing-fringilla-commodo/,Done,,,,,,,
https://jafarilawgroup.com/what-to-do-if-your-trademark-application-is-rejected/,https://dev.pointclick.io/jafari/demo/what-to-do-if-your-trademark-application-is-rejected/,Done,,,,,,,
https://jafarilawgroup.com/swivel-cactus-table/,https://dev.pointclick.io/jafari/demo/swivel-cactus-table/,Done,,,,,,,
https://jafarilawgroup.com/tar-tags-taboo/,https://dev.pointclick.io/jafari/demo/tar-tags-taboo/,Done,,,,,,,
https://jafarilawgroup.com/new-era-fighting/,https://dev.pointclick.io/jafari/demo/new-era-fighting/,Done,,,,,,,
https://jafarilawgroup.com/dealing-with-a-trademark-rejection-for-being-merely-a-surname-understanding-the-legal-landscape/,https://dev.pointclick.io/jafari/demo/dealing-with-a-trademark-rejection-for-being-merely-a-surname-understanding-the-legal-landscape/,Done,,,,,,,
https://jafarilawgroup.com/californias-mandatory-paid-sick-leave-what-reasons-can-employees-give-to-take-sick-leave/,https://dev.pointclick.io/jafari/demo/californias-mandatory-paid-sick-leave-what-reasons-can-employees-give-to-take-sick-leave/,Done,,,,,,,
https://jafarilawgroup.com/the-abc-test-and-its-impact-on-gig-workers-in-california/,https://dev.pointclick.io/jafari/demo/the-abc-test-and-its-impact-on-gig-workers-in-california/,Done,,,,,,,
https://jafarilawgroup.com/trademarks-related-goods-services/,https://dev.pointclick.io/jafari/demo/trademarks-related-goods-services/,Done,,,,,,,
https://jafarilawgroup.com/laws-regarding-meal-and-rest-breaks-in-california/,https://dev.pointclick.io/jafari/demo/laws-regarding-meal-and-rest-breaks-in-california/,Done,,,,,,,
https://jafarilawgroup.com/understanding-non-disclosure-agreements-what-you-need-to-know/,https://dev.pointclick.io/jafari/demo/understanding-non-disclosure-agreements-what-you-need-to-know/,Done,,,,,,,
https://jafarilawgroup.com/virx/,https://dev.pointclick.io/jafari/demo/virx/,Done,,,,,,,
https://jafarilawgroup.com/is-your-employer-retaliating-against-you/,https://dev.pointclick.io/jafari/demo/is-your-employer-retaliating-against-you/,Done,,,,,,,
https://jafarilawgroup.com/what-are-smart-contracts/,https://dev.pointclick.io/jafari/demo/what-are-smart-contracts/,Done,,,,,,,
https://jafarilawgroup.com/the-importance-of-trademark-classes-why-they-matter-for-your-brand-protection/,https://dev.pointclick.io/jafari/demo/the-importance-of-trademark-classes-why-they-matter-for-your-brand-protection/,Done,,,,,,,
https://jafarilawgroup.com/californias-laws-on-non-compete-clauses-what-employers-and-employees-need-to-know/,https://dev.pointclick.io/jafari/demo/californias-laws-on-non-compete-clauses-what-employers-and-employees-need-to-know/,Done,,,,,,,
https://jafarilawgroup.com/storybids/,https://dev.pointclick.io/jafari/demo/storybids/,Done,,,,,,,
https://jafarilawgroup.com/mycredentials/,https://dev.pointclick.io/jafari/demo/mycredentials/,Done,,,,,,,
https://jafarilawgroup.com/www-mycreds-net/,https://dev.pointclick.io/jafari/demo/www-mycreds-net/,Done,,,,,,,
https://jafarilawgroup.com/teamquest-staffing-services-inc/,https://dev.pointclick.io/jafari/demo/teamquest-staffing-services-inc/,Done,,,,,,,
https://jafarilawgroup.com/credentials-stylized/,https://dev.pointclick.io/jafari/demo/credentials-stylized/,Done,,,,,,,
https://jafarilawgroup.com/californias-mandatory-paid-sick-leave-how-to-choose-an-accrual-method-tips-that-can-save-money-for-your-business/,https://dev.pointclick.io/jafari/demo/californias-mandatory-paid-sick-leave-how-to-choose-an-accrual-method-tips-that-can-save-money-for-your-business/,Done,,,,,,,
https://jafarilawgroup.com/what-is-patent-marking/,https://dev.pointclick.io/jafari/demo/what-is-patent-marking/,Done,,,,,,,
https://jafarilawgroup.com/pacific/,https://dev.pointclick.io/jafari/demo/pacific/,Done,,,,,,,
https://jafarilawgroup.com/californias-mandatory-paid-sick-leave-updates-on-recent-changes-to-california-paid-sick-leave-law-that-your-business-should-know/,https://dev.pointclick.io/jafari/demo/californias-mandatory-paid-sick-leave-updates-on-recent-changes-to-california-paid-sick-leave-law-that-your-business-should-know/,Done,,,,,,,
https://jafarilawgroup.com/the-importance-of-intellectual-property-for-startup-ventures/,https://dev.pointclick.io/jafari/demo/the-importance-of-intellectual-property-for-startup-ventures/,Done,,,,,,,
https://jafarilawgroup.com/rock/,https://dev.pointclick.io/jafari/demo/rock/,Done,,,,,,,
https://jafarilawgroup.com/makes-bitcoin-valuable-blockchain-technology/,https://dev.pointclick.io/jafari/demo/makes-bitcoin-valuable-blockchain-technology/,Done,,,,,,,
https://jafarilawgroup.com/difference-between-trademark-patent-copyright/,https://dev.pointclick.io/jafari/demo/difference-between-trademark-patent-copyright/,Done,,,,,,,
https://jafarilawgroup.com/5-common-unpaid-overtime-types/,https://dev.pointclick.io/jafari/demo/5-common-unpaid-overtime-types/,Done,,,,,,,
https://jafarilawgroup.com/peace-message-music-language/,https://dev.pointclick.io/jafari/demo/peace-message-music-language/,Done,,,,,,,
https://jafarilawgroup.com/how-much-is-your-patent-worth/,https://dev.pointclick.io/jafari/demo/how-much-is-your-patent-worth/,Done,,,,,,,
https://jafarilawgroup.com/what-state-laws-protect-employees/,https://dev.pointclick.io/jafari/demo/what-state-laws-protect-employees/,Done,,,,,,,
https://jafarilawgroup.com/main-international-group-corp-mi-envio/,https://dev.pointclick.io/jafari/demo/main-international-group-corp-mi-envio/,Done,,,,,,,
https://jafarilawgroup.com/global-peace-music-awards/,https://dev.pointclick.io/jafari/demo/global-peace-music-awards/,Done,,,,,,,
https://jafarilawgroup.com/common-types-of-workplace-harassment/,https://dev.pointclick.io/jafari/demo/common-types-of-workplace-harassment/,Done,,,,,,,
https://jafarilawgroup.com/propellantless-photon-tether-formation-flight/,https://dev.pointclick.io/jafari/demo/propellantless-photon-tether-formation-flight/,Done,,,,,,,
https://jafarilawgroup.com/jafari-law-group/,https://dev.pointclick.io/jafari/demo/jafari-law-group/,Done,,,,,,,
https://jafarilawgroup.com/triptych-sylized/,https://dev.pointclick.io/jafari/demo/triptych-sylized/,Done,,,,,,,
https://jafarilawgroup.com/should-you-hire-trademark-attorney/,https://dev.pointclick.io/jafari/demo/should-you-hire-trademark-attorney/,Done,,,,,,,
https://jafarilawgroup.com/non-provisional-patent-application-vs-provisional-patent-application/,https://dev.pointclick.io/jafari/demo/non-provisional-patent-application-vs-provisional-patent-application/,Done,,,,,,,
https://jafarilawgroup.com/misclassified-as-an-independent-contractor/,https://dev.pointclick.io/jafari/demo/misclassified-as-an-independent-contractor/,Done,,,,,,,
https://jafarilawgroup.com/the-four-primary-types-of-intellectual-property/,https://dev.pointclick.io/jafari/demo/the-four-primary-types-of-intellectual-property/,Done,,,,,,,
https://jafarilawgroup.com/royal/,https://dev.pointclick.io/jafari/demo/royal/,Done,,,,,,,
https://jafarilawgroup.com/you-got-your-patent-now-what/,https://dev.pointclick.io/jafari/demo/you-got-your-patent-now-what/,Done,,,,,,,
https://jafarilawgroup.com/unpaid-internships-in-california-legal-or-not-assessing-the-pros-and-cons/,https://dev.pointclick.io/jafari/demo/unpaid-internships-in-california-legal-or-not-assessing-the-pros-and-cons/,Done,,,,,,,
https://jafarilawgroup.com/photon-tether-formation-flight/,https://dev.pointclick.io/jafari/demo/photon-tether-formation-flight/,Done,,,,,,,
https://jafarilawgroup.com/ttab-opposition-and-cancellation-proceedings-overview/,https://dev.pointclick.io/jafari/demo/ttab-opposition-and-cancellation-proceedings-overview/,Done,,,,,,,
https://jafarilawgroup.com/4-dos-and-donts-protecting-intellectual-property/,https://dev.pointclick.io/jafari/demo/4-dos-and-donts-protecting-intellectual-property/,Done,,,,,,,
https://jafarilawgroup.com/moveable-barrier-operator-travel-limit-adjustment-capabilites/,https://dev.pointclick.io/jafari/demo/moveable-barrier-operator-travel-limit-adjustment-capabilites/,Done,,,,,,,
https://jafarilawgroup.com/mainternational-group-main-international-group-corp/,https://dev.pointclick.io/jafari/demo/mainternational-group-main-international-group-corp/,Done,,,,,,,
https://jafarilawgroup.com/what-is-trade-secret-protection/,https://dev.pointclick.io/jafari/demo/what-is-trade-secret-protection/,Done,,,,,,,
https://jafarilawgroup.com/how-our-company-history-can-work-for-you/,https://dev.pointclick.io/jafari/demo/how-our-company-history-can-work-for-you/,Done,,,,,,,
https://jafarilawgroup.com/weve-moved/,https://dev.pointclick.io/jafari/demo/weve-moved/,Done,,,,,,,
https://jafarilawgroup.com/implant-outreach-stylized/,https://dev.pointclick.io/jafari/demo/implant-outreach-stylized/,Done,,,,,,,
https://jafarilawgroup.com/what-is-a-blockchain/,https://dev.pointclick.io/jafari/demo/what-is-a-blockchain/,Done,,,,,,,
https://jafarilawgroup.com/what-is-trade-secret-protection-in-ca/,https://dev.pointclick.io/jafari/demo/what-is-trade-secret-protection-in-ca/,Done,,,,,,,
https://jafarilawgroup.com/how-to-defend-patent-rights-in-orange-county/,https://dev.pointclick.io/jafari/demo/how-to-defend-patent-rights-in-orange-county/,Done,,,,,,,
https://jafarilawgroup.com/camelsealbooks-stylized/,https://dev.pointclick.io/jafari/demo/camelsealbooks-stylized/,Done,,,,,,,
https://jafarilawgroup.com/divine-choices/,https://dev.pointclick.io/jafari/demo/divine-choices/,Done,,,,,,,
https://jafarilawgroup.com/korner-grill-standard-character/,https://dev.pointclick.io/jafari/demo/korner-grill-standard-character/,Done,,,,,,,
https://jafarilawgroup.com/discreet-infant-feeding-system/,https://dev.pointclick.io/jafari/demo/discreet-infant-feeding-system/,Done,,,,,,,
https://jafarilawgroup.com/still-blu/,https://dev.pointclick.io/jafari/demo/still-blu/,Done,,,,,,,
https://jafarilawgroup.com/did-your-political-opinion-get-you-fired/,https://dev.pointclick.io/jafari/demo/did-your-political-opinion-get-you-fired/,Done,,,,,,,
https://jafarilawgroup.com/official-perfume-catalog/,https://dev.pointclick.io/jafari/demo/official-perfume-catalog/,Done,,,,,,,
https://jafarilawgroup.com/implant-outreach-standard-character/,https://dev.pointclick.io/jafari/demo/implant-outreach-standard-character/,Done,,,,,,,
https://jafarilawgroup.com/what-is-copyright-infringement/,https://dev.pointclick.io/jafari/demo/what-is-copyright-infringement/,Done,,,,,,,
https://jafarilawgroup.com/are-you-owed-overtime-pay/,https://dev.pointclick.io/jafari/demo/are-you-owed-overtime-pay/,Done,,,,,,,
https://jafarilawgroup.com/rr/,https://dev.pointclick.io/jafari/demo/rr/,Done,,,,,,,
https://jafarilawgroup.com/case-study-how-the-dental-aligner-market-exploded-when-invisalign-patents-expired/,https://dev.pointclick.io/jafari/demo/case-study-how-the-dental-aligner-market-exploded-when-invisalign-patents-expired/,Done,,,,,,,
https://jafarilawgroup.com/korner-grill-design/,https://dev.pointclick.io/jafari/demo/korner-grill-design/,Done,,,,,,,
https://jafarilawgroup.com/what-is-the-importance-of-employment-law/,https://dev.pointclick.io/jafari/demo/what-is-the-importance-of-employment-law/,Done,,,,,,,
https://jafarilawgroup.com/5-famous-examples-of-notorious-trade-secrets/,https://dev.pointclick.io/jafari/demo/5-famous-examples-of-notorious-trade-secrets/,Done,,,,,,,
https://jafarilawgroup.com/understanding-patents-and-how-the-jafari-law-group-can-help-you-secure-one/,https://dev.pointclick.io/jafari/demo/understanding-patents-and-how-the-jafari-law-group-can-help-you-secure-one/,Done,,,,,,,
https://jafarilawgroup.com/what-are-trade-secrets-and-how-can-the-jafari-law-group-help-you-protect-them/,https://dev.pointclick.io/jafari/demo/what-are-trade-secrets-and-how-can-the-jafari-law-group-help-you-protect-them/,Done,,,,,,,
https://jafarilawgroup.com/style-forever/,https://dev.pointclick.io/jafari/demo/style-forever/,Done,,,,,,,
https://jafarilawgroup.com/probable-cause/,https://dev.pointclick.io/jafari/demo/probable-cause/,Done,,,,,,,
https://jafarilawgroup.com/apparatus-method-securing-protecting-electronic-devices/,https://dev.pointclick.io/jafari/demo/apparatus-method-securing-protecting-electronic-devices/,Done,,,,,,,
https://jafarilawgroup.com/uncle-tims-best-west-bbq/,https://dev.pointclick.io/jafari/demo/uncle-tims-best-west-bbq/,Done,,,,,,,
https://jafarilawgroup.com/documenting-sexual-harassment-at-work/,https://dev.pointclick.io/jafari/demo/documenting-sexual-harassment-at-work/,Done,,,,,,,
https://jafarilawgroup.com/ip-concerns-for-startups/,https://dev.pointclick.io/jafari/demo/ip-concerns-for-startups/,Done,,,,,,,
https://jafarilawgroup.com/high-torque-movable-barrier-actuation-low-speeds-utilizing-hub-motor/,https://dev.pointclick.io/jafari/demo/high-torque-movable-barrier-actuation-low-speeds-utilizing-hub-motor/,Done,,,,,,,
https://jafarilawgroup.com/air-water/,https://dev.pointclick.io/jafari/demo/air-water/,Done,,,,,,,
https://jafarilawgroup.com/light-speed-learning-video/,https://dev.pointclick.io/jafari/demo/light-speed-learning-video/,Done,,,,,,,
https://jafarilawgroup.com/types-of-workplace-discrimination/,https://dev.pointclick.io/jafari/demo/types-of-workplace-discrimination/,Done,,,,,,,
https://jafarilawgroup.com/specialized-infant-protective-cover/,https://dev.pointclick.io/jafari/demo/specialized-infant-protective-cover/,Done,,,,,,,
https://jafarilawgroup.com/gender-discrimination/,https://dev.pointclick.io/jafari/demo/gender-discrimination/,Done,,,,,,,
https://jafarilawgroup.com/the-benefits-of-obtaining-a-provisional-patent/,https://dev.pointclick.io/jafari/demo/the-benefits-of-obtaining-a-provisional-patent/,Done,,,,,,,
https://jafarilawgroup.com/paisley-label/,https://dev.pointclick.io/jafari/demo/paisley-label/,Done,,,,,,,
https://jafarilawgroup.com/lostmydoggie/,https://dev.pointclick.io/jafari/demo/lostmydoggie/,Done,,,,,,,
https://jafarilawgroup.com/golf-game-method-playing/,https://dev.pointclick.io/jafari/demo/golf-game-method-playing/,Done,,,,,,,
https://jafarilawgroup.com/shopping-your-idea-to-investors-be-sure-to-protect-your-ip/,https://dev.pointclick.io/jafari/demo/shopping-your-idea-to-investors-be-sure-to-protect-your-ip/,Done,,,,,,,
https://jafarilawgroup.com/high-torque-gearless-actuation-low-speeds-swing-gate-roll-gate-slide-gate-vehicular-barrier-operators/,https://dev.pointclick.io/jafari/demo/high-torque-gearless-actuation-low-speeds-swing-gate-roll-gate-slide-gate-vehicular-barrier-operators/,Done,,,,,,,
https://jafarilawgroup.com/california-quid-pro-quo-harassment-faq/,https://dev.pointclick.io/jafari/demo/california-quid-pro-quo-harassment-faq/,Done,,,,,,,
https://jafarilawgroup.com/copyright-patents-and-trademarks-the-basics/,https://dev.pointclick.io/jafari/demo/copyright-patents-and-trademarks-the-basics/,Done,,,,,,,
https://jafarilawgroup.com/does-your-idea-qualify-for-a-patent/,https://dev.pointclick.io/jafari/demo/does-your-idea-qualify-for-a-patent/,Done,,,,,,,
https://jafarilawgroup.com/should-you-license-your-trademark/,https://dev.pointclick.io/jafari/demo/should-you-license-your-trademark/,Done,,,,,,,
https://jafarilawgroup.com/copyright-patent-trademark-one-right/,https://dev.pointclick.io/jafari/demo/copyright-patent-trademark-one-right/,Done,,,,,,,
https://jafarilawgroup.com/blu-alloy/,https://dev.pointclick.io/jafari/demo/blu-alloy/,Done,,,,,,,
https://jafarilawgroup.com/workplace-sexual-harassment-were-you-the-victim-of-hostile-work-environment-harassment/,https://dev.pointclick.io/jafari/demo/workplace-sexual-harassment-were-you-the-victim-of-hostile-work-environment-harassment/,Done,,,,,,,
https://jafarilawgroup.com/need-lawyer-patent-application-benefits-early-ip-protection/,https://dev.pointclick.io/jafari/demo/need-lawyer-patent-application-benefits-early-ip-protection/,Done,,,,,,,
https://jafarilawgroup.com/kanexpro/,https://dev.pointclick.io/jafari/demo/kanexpro/,Done,,,,,,,
https://jafarilawgroup.com/system-method-protecting-surface-area/,https://dev.pointclick.io/jafari/demo/system-method-protecting-surface-area/,Done,,,,,,,
https://jafarilawgroup.com/compuchair/,https://dev.pointclick.io/jafari/demo/compuchair/,Done,,,,,,,
https://jafarilawgroup.com/maxicam/,https://dev.pointclick.io/jafari/demo/maxicam/,Done,,,,,,,
https://jafarilawgroup.com/etiam-porta-sem/,https://dev.pointclick.io/jafari/demo/etiam-porta-sem/,Done,,,,,,,
https://jafarilawgroup.com/doctrine-of-equivalents/,https://dev.pointclick.io/jafari/demo/doctrine-of-equivalents/,Done,,,,,,,
https://jafarilawgroup.com/777-sexy/,https://dev.pointclick.io/jafari/demo/777-sexy/,Done,,,,,,,
https://jafarilawgroup.com/method-conditioning-fluids-utilizing-magnetic-fluid-processor/,https://dev.pointclick.io/jafari/demo/method-conditioning-fluids-utilizing-magnetic-fluid-processor/,Done,,,,,,,
https://jafarilawgroup.com/mmablood/,https://dev.pointclick.io/jafari/demo/mmablood/,Done,,,,,,,
https://jafarilawgroup.com/camo-pots/,https://dev.pointclick.io/jafari/demo/camo-pots/,Done,,,,,,,
https://jafarilawgroup.com/fringilla-commodo-aenean/,https://dev.pointclick.io/jafari/demo/fringilla-commodo-aenean/,Done,,,,,,,
https://jafarilawgroup.com/antiseptic-mask-method-using-antiseptic-mask/,https://dev.pointclick.io/jafari/demo/antiseptic-mask-method-using-antiseptic-mask/,Done,,,,,,,
https://jafarilawgroup.com/system-method-tuning-resonance-frequency-energy-absorbing-device-structure-response-disruptive-force/,https://dev.pointclick.io/jafari/demo/system-method-tuning-resonance-frequency-energy-absorbing-device-structure-response-disruptive-force/,Done,,,,,,,
https://jafarilawgroup.com/magnetic-field-processor-conditioning-fluids/,https://dev.pointclick.io/jafari/demo/magnetic-field-processor-conditioning-fluids/,Done,,,,,,,
https://jafarilawgroup.com/system-method-bank-account-management-currency-investment/,https://dev.pointclick.io/jafari/demo/system-method-bank-account-management-currency-investment/,Done,,,,,,,
https://jafarilawgroup.com/swiss-alpine/,https://dev.pointclick.io/jafari/demo/swiss-alpine/,Done,,,,,,,
https://jafarilawgroup.com/protect-valuable-intellectual-property-despite-californias-policy-enforcement-employee-covenants-not-compete/,https://dev.pointclick.io/jafari/demo/protect-valuable-intellectual-property-despite-californias-policy-enforcement-employee-covenants-not-compete/,Done,,,,,,,
https://jafarilawgroup.com/presidential/,https://dev.pointclick.io/jafari/demo/presidential/,Done,,,,,,,
https://jafarilawgroup.com/luma-comfort/,https://dev.pointclick.io/jafari/demo/luma-comfort/,Done,,,,,,,
https://jafarilawgroup.com/exercise-apparatus-adapted-facilitate-stand-crunches/,https://dev.pointclick.io/jafari/demo/exercise-apparatus-adapted-facilitate-stand-crunches/,Done,,,,,,,
https://jafarilawgroup.com/purus-inceptos-euismod-sit/,https://dev.pointclick.io/jafari/demo/purus-inceptos-euismod-sit/,Done,,,,,,,
https://jafarilawgroup.com/basics-of-design-patents/,https://dev.pointclick.io/jafari/demo/basics-of-design-patents/,Done,,,,,,,
https://jafarilawgroup.com/kanex/,https://dev.pointclick.io/jafari/demo/kanex/,Done,,,,,,,
https://jafarilawgroup.com/the-digital-millennium-copyright-act-and-access-to-copyright/,https://dev.pointclick.io/jafari/demo/the-digital-millennium-copyright-act-and-access-to-copyright/,Done,,,,,,,
https://jafarilawgroup.com/in-re-pennington-seed-inc-on-trademarkgeneric-designation/,https://dev.pointclick.io/jafari/demo/in-re-pennington-seed-inc-on-trademarkgeneric-designation/,Done,,,,,,,
https://jafarilawgroup.com/apparatus-method-establishing-peer-peer-communication-session-client-device/,https://dev.pointclick.io/jafari/demo/apparatus-method-establishing-peer-peer-communication-session-client-device/,Done,,,,,,,
https://jafarilawgroup.com/will-president-trump-tinker-uspto/,https://dev.pointclick.io/jafari/demo/will-president-trump-tinker-uspto/,Done,,,,,,,
https://jafarilawgroup.com/to-promote-the-progress-of-science-and-useful-arts/,https://dev.pointclick.io/jafari/demo/to-promote-the-progress-of-science-and-useful-arts/,Done,,,,,,,
https://jafarilawgroup.com/diverse-financial-building-protecting-wealth/,https://dev.pointclick.io/jafari/demo/diverse-financial-building-protecting-wealth/,Done,,,,,,,
https://jafarilawgroup.com/energy-absorbing-system-safeguarding-structures-disruptive-forces/,https://dev.pointclick.io/jafari/demo/energy-absorbing-system-safeguarding-structures-disruptive-forces/,Done,,,,,,,
https://jafarilawgroup.com/apparatus-method-establishing-peer-peer-communication-session-host-device/,https://dev.pointclick.io/jafari/demo/apparatus-method-establishing-peer-peer-communication-session-host-device/,Done,,,,,,,
https://jafarilawgroup.com/hello-world/,https://dev.pointclick.io/jafari/demo/hello-world/,Done,,,,,,,
https://jafarilawgroup.com/search-not-search-inventors-want-know/,https://dev.pointclick.io/jafari/demo/search-not-search-inventors-want-know/,Done,,,,,,,
https://jafarilawgroup.com/myriad-genetics-sues-aliso-viejo-company-ambry-genetics-over-gene-tests-patents/,https://dev.pointclick.io/jafari/demo/myriad-genetics-sues-aliso-viejo-company-ambry-genetics-over-gene-tests-patents/,Done,,,,,,,
https://jafarilawgroup.com/introduction-of-micro-entity-status-qualifies-you-for-a-75-discount-on-patents/,https://dev.pointclick.io/jafari/demo/introduction-of-micro-entity-status-qualifies-you-for-a-75-discount-on-patents/,Done,,,,,,,
https://jafarilawgroup.com/intellectual-property-rights-and-new-technology/,https://dev.pointclick.io/jafari/demo/intellectual-property-rights-and-new-technology/,Done,,,,,,,
https://jafarilawgroup.com/counterfeit-tiffany-co-one-ring-to-rule-them-alland-forever-bind-them-in-litigation/,https://dev.pointclick.io/jafari/demo/counterfeit-tiffany-co-one-ring-to-rule-them-alland-forever-bind-them-in-litigation/,Done,,,,,,,
https://jafarilawgroup.com/frank-zappa-captain-beefheart-and-musical-trademarks/,https://dev.pointclick.io/jafari/demo/frank-zappa-captain-beefheart-and-musical-trademarks/,Done,,,,,,,
https://jafarilawgroup.com/bny-mellon-patents-management-process/,https://dev.pointclick.io/jafari/demo/bny-mellon-patents-management-process/,Done,,,,,,,
https://jafarilawgroup.com/las-vegas-intellectual-property/,https://dev.pointclick.io/jafari/demo/las-vegas-intellectual-property/,Done,,,,,,,
https://jafarilawgroup.com/counterfeiting-law-in-the-united-states/,https://dev.pointclick.io/jafari/demo/counterfeiting-law-in-the-united-states/,Done,,,,,,,
https://jafarilawgroup.com/intellectual-property-and-counterfeiting/,https://dev.pointclick.io/jafari/demo/intellectual-property-and-counterfeiting/,Done,,,,,,,
https://jafarilawgroup.com/historical-decisions-that-shape-patent-prosecution-and-intellectual-property/,https://dev.pointclick.io/jafari/demo/historical-decisions-that-shape-patent-prosecution-and-intellectual-property/,Done,,,,,,,
https://jafarilawgroup.com/how-the-supreme-courts-gene-patent-ruling-affects-patent-law/,https://dev.pointclick.io/jafari/demo/how-the-supreme-courts-gene-patent-ruling-affects-patent-law/,Done,,,,,,,
https://jafarilawgroup.com/america-invents-act/,https://dev.pointclick.io/jafari/demo/america-invents-act/,Done,,,,,,,
https://jafarilawgroup.com/trademark-color-rainbow/,https://dev.pointclick.io/jafari/demo/trademark-color-rainbow/,Done,,,,,,,
https://jafarilawgroup.com/new-statesman-predicts-a-robot-revolution/,https://dev.pointclick.io/jafari/demo/new-statesman-predicts-a-robot-revolution/,Done,,,,,,,
https://jafarilawgroup.com/the-electronic-frontier-foundation-and-the-nsa/,https://dev.pointclick.io/jafari/demo/the-electronic-frontier-foundation-and-the-nsa/,Done,,,,,,,
https://jafarilawgroup.com/here-comes-the-ubuntu-smartphone-maybe/,https://dev.pointclick.io/jafari/demo/here-comes-the-ubuntu-smartphone-maybe/,Done,,,,,,,
https://jafarilawgroup.com/tə-ˈmeɪ-toʊ-tə-ˈma-toʊ-fruit-or-vegetable/,https://dev.pointclick.io/jafari/demo/tə-ˈmeɪ-toʊ-tə-ˈma-toʊ-fruit-or-vegetable/,Done,,,,,,,
https://jafarilawgroup.com/virtual-patent-markings/,https://dev.pointclick.io/jafari/demo/virtual-patent-markings/,Done,,,,,,,
https://jafarilawgroup.com/obamas-ip-chief-resigns/,https://dev.pointclick.io/jafari/demo/obamas-ip-chief-resigns/,Done,,,,,,,
https://jafarilawgroup.com/on-crowdfunding-intellectual-property/,https://dev.pointclick.io/jafari/demo/on-crowdfunding-intellectual-property/,Done,,,,,,,
https://jafarilawgroup.com/ny-times-blog-criticizes-the-notion-of-intellectual-property/,https://dev.pointclick.io/jafari/demo/ny-times-blog-criticizes-the-notion-of-intellectual-property/,Done,,,,,,,
https://jafarilawgroup.com/a-reflection-on-american-innovation-and-achievement-45-years-beyond-apollo-11/,https://dev.pointclick.io/jafari/demo/a-reflection-on-american-innovation-and-achievement-45-years-beyond-apollo-11/,Done,,,,,,,
https://jafarilawgroup.com/tech-executives-ban-together-to-fight-patent-trolling/,https://dev.pointclick.io/jafari/demo/tech-executives-ban-together-to-fight-patent-trolling/,Done,,,,,,,
https://jafarilawgroup.com/first-solar-buys-ges-intellectual-property/,https://dev.pointclick.io/jafari/demo/first-solar-buys-ges-intellectual-property/,Done,,,,,,,
https://jafarilawgroup.com/war-among-tech-giants/,https://dev.pointclick.io/jafari/demo/war-among-tech-giants/,Done,,,,,,,
https://jafarilawgroup.com/keurig-inc-v-sturm-foods-inc-court-rules-infringement-due-exhausted-rights/,https://dev.pointclick.io/jafari/demo/keurig-inc-v-sturm-foods-inc-court-rules-infringement-due-exhausted-rights/,Done,,,,,,,
https://jafarilawgroup.com/synthes-usa-llv-v-spinal-kinetics-inc-broadened-claims-supported-description/,https://dev.pointclick.io/jafari/demo/synthes-usa-llv-v-spinal-kinetics-inc-broadened-claims-supported-description/,Done,,,,,,,
https://jafarilawgroup.com/ibormeith-ip-llc-v-mercedes-benz-usa/,https://dev.pointclick.io/jafari/demo/ibormeith-ip-llc-v-mercedes-benz-usa/,Done,,,,,,,
https://jafarilawgroup.com/plaintiff-wi-lan-loses-big-patent-infringement-suit-apple/,https://dev.pointclick.io/jafari/demo/plaintiff-wi-lan-loses-big-patent-infringement-suit-apple/,Done,,,,,,,
https://jafarilawgroup.com/missing-parts-pilot-program-extended-december-31-2013/,https://dev.pointclick.io/jafari/demo/missing-parts-pilot-program-extended-december-31-2013/,Done,,,,,,,
https://jafarilawgroup.com/office-action-patent-attorney/,https://dev.pointclick.io/jafari/demo/office-action-patent-attorney/,Done,number sequence wrong,,,,,,
https://jafarilawgroup.com/innovation-act-2013/,https://dev.pointclick.io/jafari/demo/innovation-act-2013/,Done,,,,,,,
https://jafarilawgroup.com/intellect-wireless-inc-v-htc-corp-misrepresentation-pto-renders-patent-unenforceable/,https://dev.pointclick.io/jafari/demo/intellect-wireless-inc-v-htc-corp-misrepresentation-pto-renders-patent-unenforceable/,Done,,,,,,,
https://jafarilawgroup.com/ip-now-design-patents/,https://dev.pointclick.io/jafari/demo/ip-now-design-patents/,Done,,,,,,,
https://jafarilawgroup.com/patent-search-search-makes-sense-perform-one/,https://dev.pointclick.io/jafari/demo/patent-search-search-makes-sense-perform-one/,Done,,,,,,,
https://jafarilawgroup.com/top-10-list-2015-us-patent-recipients/,https://dev.pointclick.io/jafari/demo/top-10-list-2015-us-patent-recipients/,Done,,,,,,,
https://jafarilawgroup.com/oc-trademark-attorney-case-summaries-in-re-city-of-houston/,https://dev.pointclick.io/jafari/demo/oc-trademark-attorney-case-summaries-in-re-city-of-houston/,Done,,,,,,,
https://jafarilawgroup.com/doctrine-tacking-key-trademark-win-defendant-hana-bank/,https://dev.pointclick.io/jafari/demo/doctrine-tacking-key-trademark-win-defendant-hana-bank/,Done,,,,,,,
https://jafarilawgroup.com/fee-shifting-patent-litigation/,https://dev.pointclick.io/jafari/demo/fee-shifting-patent-litigation/,Done,,,,,,,
https://jafarilawgroup.com/hawleywoods/,https://dev.pointclick.io/jafari/demo/hawleywoods/,Done,,,,,,,
https://jafarilawgroup.com/everythings-bigger-texas-adage-everything-includes-patent-infringement-lawsuit-filings/,https://dev.pointclick.io/jafari/demo/everythings-bigger-texas-adage-everything-includes-patent-infringement-lawsuit-filings/,Done,,,,,,,
https://jafarilawgroup.com/lil-baby-sprouts/,https://dev.pointclick.io/jafari/demo/lil-baby-sprouts/,Done,,,,,,,
https://jafarilawgroup.com/court-affirms-preliminary-injunction-food-sales-infringing-cracker-barrel-name/,https://dev.pointclick.io/jafari/demo/court-affirms-preliminary-injunction-food-sales-infringing-cracker-barrel-name/,Done,,,,,,,
https://jafarilawgroup.com/copyright-lawsuit-challenging-googles-book-digitizing-program-dismissed-fair-use-doctrine/,https://dev.pointclick.io/jafari/demo/copyright-lawsuit-challenging-googles-book-digitizing-program-dismissed-fair-use-doctrine/,Done,,,,,,,
https://jafarilawgroup.com/galderma-labs-patents-invalidated-for-obviousness/,https://dev.pointclick.io/jafari/demo/galderma-labs-patents-invalidated-for-obviousness/,Done,,,,,,,
https://jafarilawgroup.com/naturaljourneys/,https://dev.pointclick.io/jafari/demo/naturaljourneys/,Done,,,,,,,
https://jafarilawgroup.com/contributory-liability-cybersquatting-acpa/,https://dev.pointclick.io/jafari/demo/contributory-liability-cybersquatting-acpa/,Done,,,,,,,
https://jafarilawgroup.com/permanent-injunction-unlikely-in-apple-v-samsung-case/,https://dev.pointclick.io/jafari/demo/permanent-injunction-unlikely-in-apple-v-samsung-case/,Done,,,,,,,
https://jafarilawgroup.com/patent-infringement-of-data-mediations-software-code/,https://dev.pointclick.io/jafari/demo/patent-infringement-of-data-mediations-software-code/,Done,,,,,,,
https://jafarilawgroup.com/amazon-anticipatory-shipping-patent-explained/,https://dev.pointclick.io/jafari/demo/amazon-anticipatory-shipping-patent-explained/,Done,,,,,,,
https://jafarilawgroup.com/swatch-unable-stop-beehives-watch-swap-trademark/,https://dev.pointclick.io/jafari/demo/swatch-unable-stop-beehives-watch-swap-trademark/,Done,,,,,,,
https://jafarilawgroup.com/markush-claims-use-one-use-one/,https://dev.pointclick.io/jafari/demo/markush-claims-use-one-use-one/,Done,,,,,,,
https://jafarilawgroup.com/world-famous-hawleywoods-barber-shop/,https://dev.pointclick.io/jafari/demo/world-famous-hawleywoods-barber-shop/,Done,,,,,,,
https://jafarilawgroup.com/big-game-vs-super-bowl-intellectual-property-matter/,https://dev.pointclick.io/jafari/demo/big-game-vs-super-bowl-intellectual-property-matter/,Done,,,,,,,
https://jafarilawgroup.com/hookah-company-inhales-copyright-loss-exhales-attorney-fees/,https://dev.pointclick.io/jafari/demo/hookah-company-inhales-copyright-loss-exhales-attorney-fees/,Done,,,,,,,
https://jafarilawgroup.com/set-new-business-california-nevada/,https://dev.pointclick.io/jafari/demo/set-new-business-california-nevada/,Done,,,,,,,
https://jafarilawgroup.com/trademark-action-calling-it-quits/,https://dev.pointclick.io/jafari/demo/trademark-action-calling-it-quits/,Done,,,,,,,
https://jafarilawgroup.com/coconuts-fish-cafe-maui-hi/,https://dev.pointclick.io/jafari/demo/coconuts-fish-cafe-maui-hi/,Done,,,,,,,
https://jafarilawgroup.com/caution-suing-competitors-patent-infringement-filing-citizen-petition-fda-may-violate-antitrust-laws/,https://dev.pointclick.io/jafari/demo/caution-suing-competitors-patent-infringement-filing-citizen-petition-fda-may-violate-antitrust-laws/,Done,,,,,,,
https://jafarilawgroup.com/intellectual-property-guide/,https://dev.pointclick.io/jafari/demo/intellectual-property-guide/,Done,,,,,,,
https://jafarilawgroup.com/prior-art-admissions-patent-disclosures-can-fatal/,https://dev.pointclick.io/jafari/demo/prior-art-admissions-patent-disclosures-can-fatal/,Done,,,,,,,
https://jafarilawgroup.com/patent-infringement-one-word/,https://dev.pointclick.io/jafari/demo/patent-infringement-one-word/,Done,,,,,,,
https://jafarilawgroup.com/standards-third-party-review-issued-patents/,https://dev.pointclick.io/jafari/demo/standards-third-party-review-issued-patents/,Done,,,,,,,
https://jafarilawgroup.com/one-plus-one-equal-new-federal-circuit-invalidates-ip-engines-patents/,https://dev.pointclick.io/jafari/demo/one-plus-one-equal-new-federal-circuit-invalidates-ip-engines-patents/,Done,,,,,,,
https://jafarilawgroup.com/difference-california-close-corp-s-corp-c-corp/,https://dev.pointclick.io/jafari/demo/difference-california-close-corp-s-corp-c-corp/,Done,,,,,,,
https://jafarilawgroup.com/earlier-employment-agreement-bars-employers-arbitration-motion/,https://dev.pointclick.io/jafari/demo/earlier-employment-agreement-bars-employers-arbitration-motion/,Done,,,,,,,
https://jafarilawgroup.com/inventors-protect-idea-patent/,https://dev.pointclick.io/jafari/demo/inventors-protect-idea-patent/,Done,,,,,,,
https://jafarilawgroup.com/purchaser-business-liable-sellers-liabilities/,https://dev.pointclick.io/jafari/demo/purchaser-business-liable-sellers-liabilities/,Done,,,,,,,
https://jafarilawgroup.com/copyright-registration-for-websites/,https://dev.pointclick.io/jafari/demo/copyright-registration-for-websites/,Done,,,,,,,
https://jafarilawgroup.com/benavides-tax-services/,https://dev.pointclick.io/jafari/demo/benavides-tax-services/,Done,,,,,,,
https://jafarilawgroup.com/blackberry-avoids-damages-for-infringement/,https://dev.pointclick.io/jafari/demo/blackberry-avoids-damages-for-infringement/,Done,,,,,,,
https://jafarilawgroup.com/resonance-frequency-tuning/,https://dev.pointclick.io/jafari/demo/resonance-frequency-tuning/,Done,,,,,,,
https://jafarilawgroup.com/what-is-a-copyright-and-how-to-register-your-work/,https://dev.pointclick.io/jafari/demo/what-is-a-copyright-and-how-to-register-your-work/,Done,,,,,,,
https://jafarilawgroup.com/inter-partes-review-patents/,https://dev.pointclick.io/jafari/demo/inter-partes-review-patents/,Done,,,,,,,
https://jafarilawgroup.com/business-method-patent-invalidated/,https://dev.pointclick.io/jafari/demo/business-method-patent-invalidated/,Done,,,,,,,
https://jafarilawgroup.com/ucan2-standard-character/,https://dev.pointclick.io/jafari/demo/ucan2-standard-character/,Done,,,,,,,
https://jafarilawgroup.com/ucans-stylized/,https://dev.pointclick.io/jafari/demo/ucans-stylized/,Done,,,,,,,
https://jafarilawgroup.com/pos_patent_infringement/,https://dev.pointclick.io/jafari/demo/pos_patent_infringement/,Done,,,,,,,
https://jafarilawgroup.com/public-performance-copyright-act/,https://dev.pointclick.io/jafari/demo/public-performance-copyright-act/,Done,,content missing,content missing,content missing,content missing,content missing,content missing
https://jafarilawgroup.com/incomplete_disclosures/,https://dev.pointclick.io/jafari/demo/incomplete_disclosures/,Done,,,,,,,
https://jafarilawgroup.com/us-supreme-court-rules-isolated-human-genes-unpatentable/,https://dev.pointclick.io/jafari/demo/us-supreme-court-rules-isolated-human-genes-unpatentable/,Done,,,,,,,
https://jafarilawgroup.com/using-trademarks-protect-business/,https://dev.pointclick.io/jafari/demo/using-trademarks-protect-business/,Done,,,,,,,
https://jafarilawgroup.com/7621-2/,https://dev.pointclick.io/jafari/demo/7621-2/,Done,,,,,,,
https://jafarilawgroup.com/7665-2/,https://dev.pointclick.io/jafari/demo/7665-2/,Done,,,,,,,
https://jafarilawgroup.com/light-speed-learning-video-2/,https://dev.pointclick.io/jafari/demo/light-speed-learning-video-2/,Done,,,,,,,
https://jafarilawgroup.com/arch-supporting-sock-patent-no-us-9439457-b2-2/,https://dev.pointclick.io/jafari/demo/arch-supporting-sock-patent-no-us-9439457-b2-2/,Done,,,,,,,
https://jafarilawgroup.com/system-conditioning-fluids-utilizing-magnetic-fluid-processor-2/,https://dev.pointclick.io/jafari/demo/system-conditioning-fluids-utilizing-magnetic-fluid-processor-2/,Done,,,,,,,
https://jafarilawgroup.com/coconuts-fish-cafe-maui-hi-2/,https://dev.pointclick.io/jafari/demo/coconuts-fish-cafe-maui-hi-2/,Done,,,,,,,
https://jafarilawgroup.com/magnetic-field-processor-conditioning-fluids-2/,https://dev.pointclick.io/jafari/demo/magnetic-field-processor-conditioning-fluids-2/,Done,,,,,,,
https://jafarilawgroup.com/7246-2/,https://dev.pointclick.io/jafari/demo/7246-2/,Done,,,,,,,
https://jafarilawgroup.com/mobile-device-transmission-apparatus-integrated-tool-patent-no-us-9402453-b2/,https://dev.pointclick.io/jafari/demo/mobile-device-transmission-apparatus-integrated-tool-patent-no-us-9402453-b2/,Done,,,,,,,
https://jafarilawgroup.com/movable-barrier-operator-configured-remote-actuation-patent-no-us-9317985-b2/,https://dev.pointclick.io/jafari/demo/movable-barrier-operator-configured-remote-actuation-patent-no-us-9317985-b2/,Done,,,,,,,
https://jafarilawgroup.com/overview-trial-proceedings-conducted-uspto-2/,https://dev.pointclick.io/jafari/demo/overview-trial-proceedings-conducted-uspto-2/,Done,,,,,,,
https://jafarilawgroup.com/sensor-holding-apparatus-facilitating-dental-imaging-patent-no-us-9247916-b2/,https://dev.pointclick.io/jafari/demo/sensor-holding-apparatus-facilitating-dental-imaging-patent-no-us-9247916-b2/,Done,,,,,,,
